Workbook

Sheet README
B2: Factory ERP — Excel Edition
B4: Macro-free workbook: stock, machines, production logged as append-only tables; every analytics number (OEE, downtime Pareto, stock ageing/reorder/valuation, material yield) is a formula, computed the same way as factory-erp/backend/app/analytics/*.py — so this and the web app never disagree on what a number means.
B9: Legend
B10: Blue text | C10: Hardcoded input — the cells you actually type into.
B11: Black text | C11: Formula — never overwrite; extend the pattern down instead.
B12: Yellow fill | C12: Dropdown cell — pick from the list, don't free-type.
B13: Red fill (Analytics/Stock) | C13: Reorder alert — on-hand qty is below reorder level.
B15: How to add data
B16: • Master data (Machines, Products, BOM): add a row anywhere inside the table — it auto-expands and every dropdown/formula elsewhere already points at the full table range (rows 2-500).
B18: • Transactions (StockMovements, Downtime, WorkOrders, Rejections): one row per event, oldest first is not required — formulas are order-independent. Never edit or delete a posted row; if a movement was wrong, post a correcting entry (same discipline as the backend's ledger — see factory-erp/README.md).
B20: • Analytics/Dashboard sheets recalculate automatically as you add rows — nothing to refresh by hand (this is plain formulas, not Power Query/Power Pivot).
B23: Multi-user editing — read this before relying on it
B24: This workbook is macro-free specifically so co-authoring works: put it on OneDrive or SharePoint and several people can add rows to the same table at the same time from Excel desktop or Excel Online. That is the ceiling of what Excel can offer, though — it is NOT a database. There is no row-level locking or transaction guarantee; near-simultaneous saves are usually merged cleanly but occasionally are not, formula recalculation lags a beat behind concurrent edits, and a large shared file gets slower to co-author as row counts grow into the thousands. If your factory needs guaranteed data integrity under real concurrent load, that is exactly the gap the FastAPI + Postgres edition in factory-erp/backend and factory-erp/frontend fills — this workbook is the tradeoff you chose in exchange for zero hosting and a format your team already knows.

Sheet Machines
A1: Code | B1: Name | C1: Category | D1: RatedCapacityPerHour | E1: Status
A2: PRESS-01 | B2: Hydraulic Press 1 | C2: press | D2: 120 | E2: running
A3: PRESS-02 | B3: Hydraulic Press 2 | C3: press | D3: 100 | E3: idle

Sheet Products
A1: SKU | B1: Name | C1: Category | D1: UOM | E1: StandardCost | F1: ReorderLevel | G1: ReorderQty
A2: RM-STEEL-COIL | B2: Steel Coil 2mm | C2: raw_material | D2: kg | E2: 65 | F2: 500 | G2: 2000
A3: FG-BRACKET-A | B3: Mounting Bracket A | C3: finished_good | D3: pcs | E3: 180 | F3: 200 | G3: 500

Sheet BOM
A1: ParentSKU | B1: ComponentSKU | C1: QtyPerUnit | D1: ComponentStdCost | E1: LineStdCost
A2: FG-BRACKET-A | B2: RM-STEEL-COIL | C2: 1.8 | D2: =IFERROR(INDEX(Products!$E$2:$E$500,MATCH(B2,Products!$A$2:$A$500,0)),"") | E2: =IFERROR(C2*D2,"")
D3: =IFERROR(INDEX(Products!$E$2:$E$500,MATCH(B3,Products!$A$2:$A$500,0)),"") | E3: =IFERROR(C3*D3,"")
D4: =IFERROR(INDEX(Products!$E$2:$E$500,MATCH(B4,Products!$A$2:$A$500,0)),"") | E4: =IFERROR(C4*D4,"")
D5: =IFERROR(INDEX(Products!$E$2:$E$500,MATCH(B5,Products!$A$2:$A$500,0)),"") | E5: =IFERROR(C5*D5,"")
D6: =IFERROR(INDEX(Products!$E$2:$E$500,MATCH(B6,Products!$A$2:$A$500,0)),"") | E6: =IFERROR(C6*D6,"")
D7: =IFERROR(INDEX(Products!$E$2:$E$500,MATCH(B7,Products!$A$2:$A$500,0)),"") | E7: =IFERROR(C7*D7,"")
D8: =IFERROR(INDEX(Products!$E$2:$E$500,MATCH(B8,Products!$A$2:$A$500,0)),"") | E8: =IFERROR(C8*D8,"")
D9: =IFERROR(INDEX(Products!$E$2:$E$500,MATCH(B9,Products!$A$2:$A$500,0)),"") | E9: =IFERROR(C9*D9,"")
D10: =IFERROR(INDEX(Products!$E$2:$E$500,MATCH(B10,Products!$A$2:$A$500,0)),"") | E10: =IFERROR(C10*D10,"")
D11: =IFERROR(INDEX(Products!$E$2:$E$500,MATCH(B11,Products!$A$2:$A$500,0)),"") | E11: =IFERROR(C11*D11,"")
D12: =IFERROR(INDEX(Products!$E$2:$E$500,MATCH(B12,Products!$A$2:$A$500,0)),"") | E12: =IFERROR(C12*D12,"")
D13: =IFERROR(INDEX(Products!$E$2:$E$500,MATCH(B13,Products!$A$2:$A$500,0)),"") | E13: =IFERROR(C13*D13,"")
D14: =IFERROR(INDEX(Products!$E$2:$E$500,MATCH(B14,Products!$A$2:$A$500,0)),"") | E14: =IFERROR(C14*D14,"")
... D500: =IFERROR(INDEX(Products!$E$2:$E$500,MATCH(B500,Products!$A$2:$A$500,0)),"") | E500: =IFERROR(C500*D500,"")

Sheet StockMovements
A1: Date | B1: ProductSKU | C1: Warehouse | D1: MovementType | E1: Quantity | F1: UnitCost | G1: Reference | H1: WorkOrderNo | I1: Value
A2: 46257.375 | B2: RM-STEEL-COIL | C2: Raw Material Store | D2: receipt | E2: 3000 | F2: 65 | G2: PO-1001 | I2: =IFERROR(E2*F2,"")
A3: 46266.333 | B3: RM-STEEL-COIL | C3: Raw Material Store | D3: issue | E3: 900 | F3: 65 | G3: WO-2026-0001 | H3: WO-2026-0001 | I3: =IFERROR(E3*F3,"")
A4: 46266.5 | B4: FG-BRACKET-A | C4: Finished Goods Store | D4: production_in | E4: 470 | F4: 180 | G4: WO-2026-0001 | H4: WO-2026-0001 | I4: =IFERROR(E4*F4,"")
I5: =IFERROR(E5*F5,"")
I6: =IFERROR(E6*F6,"")
I7: =IFERROR(E7*F7,"")
I8: =IFERROR(E8*F8,"")
I9: =IFERROR(E9*F9,"")
I10: =IFERROR(E10*F10,"")
I11: =IFERROR(E11*F11,"")
I12: =IFERROR(E12*F12,"")
I13: =IFERROR(E13*F13,"")
I14: =IFERROR(E14*F14,"")
I15: =IFERROR(E15*F15,"")
I16: =IFERROR(E16*F16,"")
... I500: =IFERROR(E500*F500,"")

Sheet Downtime
A1: MachineCode | B1: WorkOrderNo | C1: StartTime | D1: EndTime | E1: ReasonCategory | F1: Remarks | G1: DurationMinutes
A2: PRESS-01 | B2: WO-2026-0001 | C2: 46266.375 | D2: 46266.392 | E2: breakdown | F2: Hydraulic seal leak | G2: =IFERROR((D2-C2)*1440,"")
A3: PRESS-01 | B3: WO-2026-0001 | C3: 46266.438 | D3: 46266.448 | E3: changeover | F3: Die change | G3: =IFERROR((D3-C3)*1440,"")
G4: =IFERROR((D4-C4)*1440,"")
G5: =IFERROR((D5-C5)*1440,"")
G6: =IFERROR((D6-C6)*1440,"")
G7: =IFERROR((D7-C7)*1440,"")
G8: =IFERROR((D8-C8)*1440,"")
G9: =IFERROR((D9-C9)*1440,"")
G10: =IFERROR((D10-C10)*1440,"")
G11: =IFERROR((D11-C11)*1440,"")
G12: =IFERROR((D12-C12)*1440,"")
G13: =IFERROR((D13-C13)*1440,"")
G14: =IFERROR((D14-C14)*1440,"")
G15: =IFERROR((D15-C15)*1440,"")
... G500: =IFERROR((D500-C500)*1440,"")

Sheet WorkOrders
A1: OrderNo | B1: ProductSKU | C1: MachineCode | D1: PlannedQty | E1: ProducedQty | F1: RejectedQty | G1: PlannedStart | H1: PlannedEnd | I1: ActualStart | J1: ActualEnd | K1: Status | L1: GoodQty | M1: PlannedMinutes | N1: OnTime
A2: WO-2026-0001 | B2: FG-BRACKET-A | C2: PRESS-01 | D2: 500 | E2: 470 | F2: 12 | G2: 46266.333 | H2: 46266.5 | I2: 46266.333 | J2: 46266.5 | K2: completed | L2: =IFERROR(E2-F2,"") | M2: =IFERROR((J2-I2)*1440,"") | N2: =IF(K2="completed",IF(AND(J2<>"",H2<>""),IF(J2<=H2,1,0),""),"")
L3: =IFERROR(E3-F3,"") | M3: =IFERROR((J3-I3)*1440,"") | N3: =IF(K3="completed",IF(AND(J3<>"",H3<>""),IF(J3<=H3,1,0),""),"")
L4: =IFERROR(E4-F4,"") | M4: =IFERROR((J4-I4)*1440,"") | N4: =IF(K4="completed",IF(AND(J4<>"",H4<>""),IF(J4<=H4,1,0),""),"")
L5: =IFERROR(E5-F5,"") | M5: =IFERROR((J5-I5)*1440,"") | N5: =IF(K5="completed",IF(AND(J5<>"",H5<>""),IF(J5<=H5,1,0),""),"")
L6: =IFERROR(E6-F6,"") | M6: =IFERROR((J6-I6)*1440,"") | N6: =IF(K6="completed",IF(AND(J6<>"",H6<>""),IF(J6<=H6,1,0),""),"")
L7: =IFERROR(E7-F7,"") | M7: =IFERROR((J7-I7)*1440,"") | N7: =IF(K7="completed",IF(AND(J7<>"",H7<>""),IF(J7<=H7,1,0),""),"")
L8: =IFERROR(E8-F8,"") | M8: =IFERROR((J8-I8)*1440,"") | N8: =IF(K8="completed",IF(AND(J8<>"",H8<>""),IF(J8<=H8,1,0),""),"")
L9: =IFERROR(E9-F9,"") | M9: =IFERROR((J9-I9)*1440,"") | N9: =IF(K9="completed",IF(AND(J9<>"",H9<>""),IF(J9<=H9,1,0),""),"")
L10: =IFERROR(E10-F10,"") | M10: =IFERROR((J10-I10)*1440,"") | N10: =IF(K10="completed",IF(AND(J10<>"",H10<>""),IF(J10<=H10,1,0),""),"")
L11: =IFERROR(E11-F11,"") | M11: =IFERROR((J11-I11)*1440,"") | N11: =IF(K11="completed",IF(AND(J11<>"",H11<>""),IF(J11<=H11,1,0),""),"")
L12: =IFERROR(E12-F12,"") | M12: =IFERROR((J12-I12)*1440,"") | N12: =IF(K12="completed",IF(AND(J12<>"",H12<>""),IF(J12<=H12,1,0),""),"")
L13: =IFERROR(E13-F13,"") | M13: =IFERROR((J13-I13)*1440,"") | N13: =IF(K13="completed",IF(AND(J13<>"",H13<>""),IF(J13<=H13,1,0),""),"")
L14: =IFERROR(E14-F14,"") | M14: =IFERROR((J14-I14)*1440,"") | N14: =IF(K14="completed",IF(AND(J14<>"",H14<>""),IF(J14<=H14,1,0),""),"")
... L500: =IFERROR(E500-F500,"") | M500: =IFERROR((J500-I500)*1440,"") | N500: =IF(K500="completed",IF(AND(J500<>"",H500<>""),IF(J500<=H500,1,0),""),"")

Sheet Rejections
A1: WorkOrderNo | B1: DefectType | C1: Quantity | D1: Remarks
A2: WO-2026-0001 | B2: Burr / sharp edge | C2: 12 | D2: Die wear — flagged for PRESS-01 maintenance

Sheet Analytics_Stock
A1: SKU | B1: Name | C1: Category | D1: OnHand | E1: StandardCost | F1: ValuationValue | G1: ReorderLevel | H1: ReorderStatus | I1: LastMovementDate | J1: DaysSinceMovement | K1: AgeingBucket
A2: =Products!A2 | B2: =Products!B2 | C2: =Products!C2 | D2: =IF(A2="","",SUMIFS(StockMovements!$E$2:$E$500,StockMovements!$B$2:$B$500,A2,StockMovements!$D$2:$D$500,"receipt")+SUMIFS(StockMovements!$E$2:$E$500,StockMovements!$B$2:$B$500,A2,StockMovements!$D$2:$D$500,"production_in")+SUMIFS(StockMovements!$E$2:$E$500,StockMovements!$B$2:$B$500,A2,StockMovements!$D$2:$D$500,"adjustment")-SUMIFS(StockMovements!$E$2:$E$500,StockMovements!$B$2:$B$500,A2,StockMovements!$D$2:$D$500,"issue")-SUMIFS(StockMovements!$E$2:$E$500,StockMovements!$B$2:$B$500,A2,StockMovements!$D$2:$D$500,"production_out")-SUMIFS(StockMovements!$E$2:$E$500,StockMovements!$B$2:$B$500,A2,StockMovements!$D$2:$D$500,"transfer")-SUMIFS(StockMovements!$E$2:$E$500,StockMovements!$B$2:$B$500,A2,StockMovements!$D$2:$D$500,"scrap")) | E2: =IF(A2="","",Products!E2) | F2: =IF(A2="","",D2*E2) | G2: =IF(A2="","",Products!F2) | H2: =IF(A2="","",IF(D2<G2,"REORDER","OK")) | I2: =IF(A2="","",IFERROR(_xlfn.MAXIFS(StockMovements!$A$2:$A$500,StockMovements!$B$2:$B$500,A2),0)) | J2: =IF(OR(A2="",I2=0),"",TODAY()-I2) | K2: =IF(A2="","",IF(I2=0,"never moved",IF(J2<=30,"0-30",IF(J2<=60,"31-60",IF(J2<=90,"61-90","90+")))))
A3: =Products!A3 | B3: =Products!B3 | C3: =Products!C3 | D3: =IF(A3="","",SUMIFS(StockMovements!$E$2:$E$500,StockMovements!$B$2:$B$500,A3,StockMovements!$D$2:$D$500,"receipt")+SUMIFS(StockMovements!$E$2:$E$500,StockMovements!$B$2:$B$500,A3,StockMovements!$D$2:$D$500,"production_in")+SUMIFS(StockMovements!$E$2:$E$500,StockMovements!$B$2:$B$500,A3,StockMovements!$D$2:$D$500,"adjustment")-SUMIFS(StockMovements!$E$2:$E$500,StockMovements!$B$2:$B$500,A3,StockMovements!$D$2:$D$500,"issue")-SUMIFS(StockMovements!$E$2:$E$500,StockMovements!$B$2:$B$500,A3,StockMovements!$D$2:$D$500,"production_out")-SUMIFS(StockMovements!$E$2:$E$500,StockMovements!$B$2:$B$500,A3,StockMovements!$D$2:$D$500,"transfer")-SUMIFS(StockMovements!$E$2:$E$500,StockMovements!$B$2:$B$500,A3,StockMovements!$D$2:$D$500,"scrap")) | E3: =IF(A3="","",Products!E3) | F3: =IF(A3="","",D3*E3) | G3: =IF(A3="","",Products!F3) | H3: =IF(A3="","",IF(D3<G3,"REORDER","OK")) | I3: =IF(A3="","",IFERROR(_xlfn.MAXIFS(StockMovements!$A$2:$A$500,StockMovements!$B$2:$B$500,A3),0)) | J3: =IF(OR(A3="",I3=0),"",TODAY()-I3) | K3: =IF(A3="","",IF(I3=0,"never moved",IF(J3<=30,"0-30",IF(J3<=60,"31-60",IF(J3<=90,"61-90","90+")))))
A4: =Products!A4 | B4: =Products!B4 | C4: =Products!C4 | D4: =IF(A4="","",SUMIFS(StockMovements!$E$2:$E$500,StockMovements!$B$2:$B$500,A4,StockMovements!$D$2:$D$500,"receipt")+SUMIFS(StockMovements!$E$2:$E$500,StockMovements!$B$2:$B$500,A4,StockMovements!$D$2:$D$500,"production_in")+SUMIFS(StockMovements!$E$2:$E$500,StockMovements!$B$2:$B$500,A4,StockMovements!$D$2:$D$500,"adjustment")-SUMIFS(StockMovements!$E$2:$E$500,StockMovements!$B$2:$B$500,A4,StockMovements!$D$2:$D$500,"issue")-SUMIFS(StockMovements!$E$2:$E$500,StockMovements!$B$2:$B$500,A4,StockMovements!$D$2:$D$500,"production_out")-SUMIFS(StockMovements!$E$2:$E$500,StockMovements!$B$2:$B$500,A4,StockMovements!$D$2:$D$500,"transfer")-SUMIFS(StockMovements!$E$2:$E$500,StockMovements!$B$2:$B$500,A4,StockMovements!$D$2:$D$500,"scrap")) | E4: =IF(A4="","",Products!E4) | F4: =IF(A4="","",D4*E4) | G4: =IF(A4="","",Products!F4) | H4: =IF(A4="","",IF(D4<G4,"REORDER","OK")) | I4: =IF(A4="","",IFERROR(_xlfn.MAXIFS(StockMovements!$A$2:$A$500,StockMovements!$B$2:$B$500,A4),0)) | J4: =IF(OR(A4="",I4=0),"",TODAY()-I4) | K4: =IF(A4="","",IF(I4=0,"never moved",IF(J4<=30,"0-30",IF(J4<=60,"31-60",IF(J4<=90,"61-90","90+")))))
A5: =Products!A5 | B5: =Products!B5 | C5: =Products!C5 | D5: =IF(A5="","",SUMIFS(StockMovements!$E$2:$E$500,StockMovements!$B$2:$B$500,A5,StockMovements!$D$2:$D$500,"receipt")+SUMIFS(StockMovements!$E$2:$E$500,StockMovements!$B$2:$B$500,A5,StockMovements!$D$2:$D$500,"production_in")+SUMIFS(StockMovements!$E$2:$E$500,StockMovements!$B$2:$B$500,A5,StockMovements!$D$2:$D$500,"adjustment")-SUMIFS(StockMovements!$E$2:$E$500,StockMovements!$B$2:$B$500,A5,StockMovements!$D$2:$D$500,"issue")-SUMIFS(StockMovements!$E$2:$E$500,StockMovements!$B$2:$B$500,A5,StockMovements!$D$2:$D$500,"production_out")-SUMIFS(StockMovements!$E$2:$E$500,StockMovements!$B$2:$B$500,A5,StockMovements!$D$2:$D$500,"transfer")-SUMIFS(StockMovements!$E$2:$E$500,StockMovements!$B$2:$B$500,A5,StockMovements!$D$2:$D$500,"scrap")) | E5: =IF(A5="","",Products!E5) | F5: =IF(A5="","",D5*E5) | G5: =IF(A5="","",Products!F5) | H5: =IF(A5="","",IF(D5<G5,"REORDER","OK")) | I5: =IF(A5="","",IFERROR(_xlfn.MAXIFS(StockMovements!$A$2:$A$500,StockMovements!$B$2:$B$500,A5),0)) | J5: =IF(OR(A5="",I5=0),"",TODAY()-I5) | K5: =IF(A5="","",IF(I5=0,"never moved",IF(J5<=30,"0-30",IF(J5<=60,"31-60",IF(J5<=90,"61-90","90+")))))
A6: =Products!A6 | B6: =Products!B6 | C6: =Products!C6 | D6: =IF(A6="","",SUMIFS(StockMovements!$E$2:$E$500,StockMovements!$B$2:$B$500,A6,StockMovements!$D$2:$D$500,"receipt")+SUMIFS(StockMovements!$E$2:$E$500,StockMovements!$B$2:$B$500,A6,StockMovements!$D$2:$D$500,"production_in")+SUMIFS(StockMovements!$E$2:$E$500,StockMovements!$B$2:$B$500,A6,StockMovements!$D$2:$D$500,"adjustment")-SUMIFS(StockMovements!$E$2:$E$500,StockMovements!$B$2:$B$500,A6,StockMovements!$D$2:$D$500,"issue")-SUMIFS(StockMovements!$E$2:$E$500,StockMovements!$B$2:$B$500,A6,StockMovements!$D$2:$D$500,"production_out")-SUMIFS(StockMovements!$E$2:$E$500,StockMovements!$B$2:$B$500,A6,StockMovements!$D$2:$D$500,"transfer")-SUMIFS(StockMovements!$E$2:$E$500,StockMovements!$B$2:$B$500,A6,StockMovements!$D$2:$D$500,"scrap")) | E6: =IF(A6="","",Products!E6) | F6: =IF(A6="","",D6*E6) | G6: =IF(A6="","",Products!F6) | H6: =IF(A6="","",IF(D6<G6,"REORDER","OK")) | I6: =IF(A6="","",IFERROR(_xlfn.MAXIFS(StockMovements!$A$2:$A$500,StockMovements!$B$2:$B$500,A6),0)) | J6: =IF(OR(A6="",I6=0),"",TODAY()-I6) | K6: =IF(A6="","",IF(I6=0,"never moved",IF(J6<=30,"0-30",IF(J6<=60,"31-60",IF(J6<=90,"61-90","90+")))))
A7: =Products!A7 | B7: =Products!B7 | C7: =Products!C7 | D7: =IF(A7="","",SUMIFS(StockMovements!$E$2:$E$500,StockMovements!$B$2:$B$500,A7,StockMovements!$D$2:$D$500,"receipt")+SUMIFS(StockMovements!$E$2:$E$500,StockMovements!$B$2:$B$500,A7,StockMovements!$D$2:$D$500,"production_in")+SUMIFS(StockMovements!$E$2:$E$500,StockMovements!$B$2:$B$500,A7,StockMovements!$D$2:$D$500,"adjustment")-SUMIFS(StockMovements!$E$2:$E$500,StockMovements!$B$2:$B$500,A7,StockMovements!$D$2:$D$500,"issue")-SUMIFS(StockMovements!$E$2:$E$500,StockMovements!$B$2:$B$500,A7,StockMovements!$D$2:$D$500,"production_out")-SUMIFS(StockMovements!$E$2:$E$500,StockMovements!$B$2:$B$500,A7,StockMovements!$D$2:$D$500,"transfer")-SUMIFS(StockMovements!$E$2:$E$500,StockMovements!$B$2:$B$500,A7,StockMovements!$D$2:$D$500,"scrap")) | E7: =IF(A7="","",Products!E7) | F7: =IF(A7="","",D7*E7) | G7: =IF(A7="","",Products!F7) | H7: =IF(A7="","",IF(D7<G7,"REORDER","OK")) | I7: =IF(A7="","",IFERROR(_xlfn.MAXIFS(StockMovements!$A$2:$A$500,StockMovements!$B$2:$B$500,A7),0)) | J7: =IF(OR(A7="",I7=0),"",TODAY()-I7) | K7: =IF(A7="","",IF(I7=0,"never moved",IF(J7<=30,"0-30",IF(J7<=60,"31-60",IF(J7<=90,"61-90","90+")))))
A8: =Products!A8 | B8: =Products!B8 | C8: =Products!C8 | D8: =IF(A8="","",SUMIFS(StockMovements!$E$2:$E$500,StockMovements!$B$2:$B$500,A8,StockMovements!$D$2:$D$500,"receipt")+SUMIFS(StockMovements!$E$2:$E$500,StockMovements!$B$2:$B$500,A8,StockMovements!$D$2:$D$500,"production_in")+SUMIFS(StockMovements!$E$2:$E$500,StockMovements!$B$2:$B$500,A8,StockMovements!$D$2:$D$500,"adjustment")-SUMIFS(StockMovements!$E$2:$E$500,StockMovements!$B$2:$B$500,A8,StockMovements!$D$2:$D$500,"issue")-SUMIFS(StockMovements!$E$2:$E$500,StockMovements!$B$2:$B$500,A8,StockMovements!$D$2:$D$500,"production_out")-SUMIFS(StockMovements!$E$2:$E$500,StockMovements!$B$2:$B$500,A8,StockMovements!$D$2:$D$500,"transfer")-SUMIFS(StockMovements!$E$2:$E$500,StockMovements!$B$2:$B$500,A8,StockMovements!$D$2:$D$500,"scrap")) | E8: =IF(A8="","",Products!E8) | F8: =IF(A8="","",D8*E8) | G8: =IF(A8="","",Products!F8) | H8: =IF(A8="","",IF(D8<G8,"REORDER","OK")) | I8: =IF(A8="","",IFERROR(_xlfn.MAXIFS(StockMovements!$A$2:$A$500,StockMovements!$B$2:$B$500,A8),0)) | J8: =IF(OR(A8="",I8=0),"",TODAY()-I8) | K8: =IF(A8="","",IF(I8=0,"never moved",IF(J8<=30,"0-30",IF(J8<=60,"31-60",IF(J8<=90,"61-90","90+")))))
A9: =Products!A9 | B9: =Products!B9 | C9: =Products!C9 | D9: =IF(A9="","",SUMIFS(StockMovements!$E$2:$E$500,StockMovements!$B$2:$B$500,A9,StockMovements!$D$2:$D$500,"receipt")+SUMIFS(StockMovements!$E$2:$E$500,StockMovements!$B$2:$B$500,A9,StockMovements!$D$2:$D$500,"production_in")+SUMIFS(StockMovements!$E$2:$E$500,StockMovements!$B$2:$B$500,A9,StockMovements!$D$2:$D$500,"adjustment")-SUMIFS(StockMovements!$E$2:$E$500,StockMovements!$B$2:$B$500,A9,StockMovements!$D$2:$D$500,"issue")-SUMIFS(StockMovements!$E$2:$E$500,StockMovements!$B$2:$B$500,A9,StockMovements!$D$2:$D$500,"production_out")-SUMIFS(StockMovements!$E$2:$E$500,StockMovements!$B$2:$B$500,A9,StockMovements!$D$2:$D$500,"transfer")-SUMIFS(StockMovements!$E$2:$E$500,StockMovements!$B$2:$B$500,A9,StockMovements!$D$2:$D$500,"scrap")) | E9: =IF(A9="","",Products!E9) | F9: =IF(A9="","",D9*E9) | G9: =IF(A9="","",Products!F9) | H9: =IF(A9="","",IF(D9<G9,"REORDER","OK")) | I9: =IF(A9="","",IFERROR(_xlfn.MAXIFS(StockMovements!$A$2:$A$500,StockMovements!$B$2:$B$500,A9),0)) | J9: =IF(OR(A9="",I9=0),"",TODAY()-I9) | K9: =IF(A9="","",IF(I9=0,"never moved",IF(J9<=30,"0-30",IF(J9<=60,"31-60",IF(J9<=90,"61-90","90+")))))
A10: =Products!A10 | B10: =Products!B10 | C10: =Products!C10 | D10: =IF(A10="","",SUMIFS(StockMovements!$E$2:$E$500,StockMovements!$B$2:$B$500,A10,StockMovements!$D$2:$D$500,"receipt")+SUMIFS(StockMovements!$E$2:$E$500,StockMovements!$B$2:$B$500,A10,StockMovements!$D$2:$D$500,"production_in")+SUMIFS(StockMovements!$E$2:$E$500,StockMovements!$B$2:$B$500,A10,StockMovements!$D$2:$D$500,"adjustment")-SUMIFS(StockMovements!$E$2:$E$500,StockMovements!$B$2:$B$500,A10,StockMovements!$D$2:$D$500,"issue")-SUMIFS(StockMovements!$E$2:$E$500,StockMovements!$B$2:$B$500,A10,StockMovements!$D$2:$D$500,"production_out")-SUMIFS(StockMovements!$E$2:$E$500,StockMovements!$B$2:$B$500,A10,StockMovements!$D$2:$D$500,"transfer")-SUMIFS(StockMovements!$E$2:$E$500,StockMovements!$B$2:$B$500,A10,StockMovements!$D$2:$D$500,"scrap")) | E10: =IF(A10="","",Products!E10) | F10: =IF(A10="","",D10*E10) | G10: =IF(A10="","",Products!F10) | H10: =IF(A10="","",IF(D10<G10,"REORDER","OK")) | I10: =IF(A10="","",IFERROR(_xlfn.MAXIFS(StockMovements!$A$2:$A$500,StockMovements!$B$2:$B$500,A10),0)) | J10: =IF(OR(A10="",I10=0),"",TODAY()-I10) | K10: =IF(A10="","",IF(I10=0,"never moved",IF(J10<=30,"0-30",IF(J10<=60,"31-60",IF(J10<=90,"61-90","90+")))))
A11: =Products!A11 | B11: =Products!B11 | C11: =Products!C11 | D11: =IF(A11="","",SUMIFS(StockMovements!$E$2:$E$500,StockMovements!$B$2:$B$500,A11,StockMovements!$D$2:$D$500,"receipt")+SUMIFS(StockMovements!$E$2:$E$500,StockMovements!$B$2:$B$500,A11,StockMovements!$D$2:$D$500,"production_in")+SUMIFS(StockMovements!$E$2:$E$500,StockMovements!$B$2:$B$500,A11,StockMovements!$D$2:$D$500,"adjustment")-SUMIFS(StockMovements!$E$2:$E$500,StockMovements!$B$2:$B$500,A11,StockMovements!$D$2:$D$500,"issue")-SUMIFS(StockMovements!$E$2:$E$500,StockMovements!$B$2:$B$500,A11,StockMovements!$D$2:$D$500,"production_out")-SUMIFS(StockMovements!$E$2:$E$500,StockMovements!$B$2:$B$500,A11,StockMovements!$D$2:$D$500,"transfer")-SUMIFS(StockMovements!$E$2:$E$500,StockMovements!$B$2:$B$500,A11,StockMovements!$D$2:$D$500,"scrap")) | E11: =IF(A11="","",Products!E11) | F11: =IF(A11="","",D11*E11) | G11: =IF(A11="","",Products!F11) | H11: =IF(A11="","",IF(D11<G11,"REORDER","OK")) | I11: =IF(A11="","",IFERROR(_xlfn.MAXIFS(StockMovements!$A$2:$A$500,StockMovements!$B$2:$B$500,A11),0)) | J11: =IF(OR(A11="",I11=0),"",TODAY()-I11) | K11: =IF(A11="","",IF(I11=0,"never moved",IF(J11<=30,"0-30",IF(J11<=60,"31-60",IF(J11<=90,"61-90","90+")))))
A12: =Products!A12 | B12: =Products!B12 | C12: =Products!C12 | D12: =IF(A12="","",SUMIFS(StockMovements!$E$2:$E$500,StockMovements!$B$2:$B$500,A12,StockMovements!$D$2:$D$500,"receipt")+SUMIFS(StockMovements!$E$2:$E$500,StockMovements!$B$2:$B$500,A12,StockMovements!$D$2:$D$500,"production_in")+SUMIFS(StockMovements!$E$2:$E$500,StockMovements!$B$2:$B$500,A12,StockMovements!$D$2:$D$500,"adjustment")-SUMIFS(StockMovements!$E$2:$E$500,StockMovements!$B$2:$B$500,A12,StockMovements!$D$2:$D$500,"issue")-SUMIFS(StockMovements!$E$2:$E$500,StockMovements!$B$2:$B$500,A12,StockMovements!$D$2:$D$500,"production_out")-SUMIFS(StockMovements!$E$2:$E$500,StockMovements!$B$2:$B$500,A12,StockMovements!$D$2:$D$500,"transfer")-SUMIFS(StockMovements!$E$2:$E$500,StockMovements!$B$2:$B$500,A12,StockMovements!$D$2:$D$500,"scrap")) | E12: =IF(A12="","",Products!E12) | F12: =IF(A12="","",D12*E12) | G12: =IF(A12="","",Products!F12) | H12: =IF(A12="","",IF(D12<G12,"REORDER","OK")) | I12: =IF(A12="","",IFERROR(_xlfn.MAXIFS(StockMovements!$A$2:$A$500,StockMovements!$B$2:$B$500,A12),0)) | J12: =IF(OR(A12="",I12=0),"",TODAY()-I12) | K12: =IF(A12="","",IF(I12=0,"never moved",IF(J12<=30,"0-30",IF(J12<=60,"31-60",IF(J12<=90,"61-90","90+")))))
A13: =Products!A13 | B13: =Products!B13 | C13: =Products!C13 | D13: =IF(A13="","",SUMIFS(StockMovements!$E$2:$E$500,StockMovements!$B$2:$B$500,A13,StockMovements!$D$2:$D$500,"receipt")+SUMIFS(StockMovements!$E$2:$E$500,StockMovements!$B$2:$B$500,A13,StockMovements!$D$2:$D$500,"production_in")+SUMIFS(StockMovements!$E$2:$E$500,StockMovements!$B$2:$B$500,A13,StockMovements!$D$2:$D$500,"adjustment")-SUMIFS(StockMovements!$E$2:$E$500,StockMovements!$B$2:$B$500,A13,StockMovements!$D$2:$D$500,"issue")-SUMIFS(StockMovements!$E$2:$E$500,StockMovements!$B$2:$B$500,A13,StockMovements!$D$2:$D$500,"production_out")-SUMIFS(StockMovements!$E$2:$E$500,StockMovements!$B$2:$B$500,A13,StockMovements!$D$2:$D$500,"transfer")-SUMIFS(StockMovements!$E$2:$E$500,StockMovements!$B$2:$B$500,A13,StockMovements!$D$2:$D$500,"scrap")) | E13: =IF(A13="","",Products!E13) | F13: =IF(A13="","",D13*E13) | G13: =IF(A13="","",Products!F13) | H13: =IF(A13="","",IF(D13<G13,"REORDER","OK")) | I13: =IF(A13="","",IFERROR(_xlfn.MAXIFS(StockMovements!$A$2:$A$500,StockMovements!$B$2:$B$500,A13),0)) | J13: =IF(OR(A13="",I13=0),"",TODAY()-I13) | K13: =IF(A13="","",IF(I13=0,"never moved",IF(J13<=30,"0-30",IF(J13<=60,"31-60",IF(J13<=90,"61-90","90+")))))
... A500: =Products!A500 | B500: =Products!B500 | C500: =Products!C500 | D500: =IF(A500="","",SUMIFS(StockMovements!$E$2:$E$500,StockMovements!$B$2:$B$500,A500,StockMovements!$D$2:$D$500,"receipt")+SUMIFS(StockMovements!$E$2:$E$500,StockMovements!$B$2:$B$500,A500,StockMovements!$D$2:$D$500,"production_in")+SUMIFS(StockMovements!$E$2:$E$500,StockMovements!$B$2:$B$500,A500,StockMovements!$D$2:$D$500,"adjustment")-SUMIFS(StockMovements!$E$2:$E$500,StockMovements!$B$2:$B$500,A500,StockMovements!$D$2:$D$500,"issue")-SUMIFS(StockMovements!$E$2:$E$500,StockMovements!$B$2:$B$500,A500,StockMovements!$D$2:$D$500,"production_out")-SUMIFS(StockMovements!$E$2:$E$500,StockMovements!$B$2:$B$500,A500,StockMovements!$D$2:$D$500,"transfer")-SUMIFS(StockMovements!$E$2:$E$500,StockMovements!$B$2:$B$500,A500,StockMovements!$D$2:$D$500,"scrap")) | E500: =IF(A500="","",Products!E500) | F500: =IF(A500="","",D500*E500) | G500: =IF(A500="","",Products!F500) | H500: =IF(A500="","",IF(D500<G500,"REORDER","OK")) | I500: =IF(A500="","",IFERROR(_xlfn.MAXIFS(StockMovements!$A$2:$A$500,StockMovements!$B$2:$B$500,A500),0)) | J500: =IF(OR(A500="",I500=0),"",TODAY()-I500) | K500: =IF(A500="","",IF(I500=0,"never moved",IF(J500<=30,"0-30",IF(J500<=60,"31-60",IF(J500<=90,"61-90","90+")))))

Sheet Analytics_OEE
A1: Code | B1: Name | C1: RatedCapacityPerHour | D1: PlannedMinutes | E1: TotalOutput | F1: RejectedTotal | G1: GoodOutput | H1: DowntimeMinutes | I1: RunMinutes | J1: Availability | K1: Performance | L1: Quality | M1: OEE
A2: =Machines!A2 | B2: =Machines!B2 | C2: =IF(A2="","",Machines!D2) | D2: =SUMIFS(WorkOrders!$M$2:$M$500,WorkOrders!$C$2:$C$500,A2) | E2: =SUMIFS(WorkOrders!$E$2:$E$500,WorkOrders!$C$2:$C$500,A2) | F2: =SUMIFS(WorkOrders!$F$2:$F$500,WorkOrders!$C$2:$C$500,A2) | G2: =E2-F2 | H2: =SUMIFS(Downtime!$G$2:$G$500,Downtime!$A$2:$A$500,A2) | I2: =MAX(0,D2-H2) | J2: =IF(A2="","",IF(D2=0,0,MIN(1,I2/D2))) | K2: =IF(A2="","",IF(OR(I2=0,C2=0),0,MIN(1,E2/((I2/60)*C2)))) | L2: =IF(A2="","",IF(E2=0,0,MIN(1,MAX(0,G2/E2)))) | M2: =IF(A2="","",J2*K2*L2)
A3: =Machines!A3 | B3: =Machines!B3 | C3: =IF(A3="","",Machines!D3) | D3: =SUMIFS(WorkOrders!$M$2:$M$500,WorkOrders!$C$2:$C$500,A3) | E3: =SUMIFS(WorkOrders!$E$2:$E$500,WorkOrders!$C$2:$C$500,A3) | F3: =SUMIFS(WorkOrders!$F$2:$F$500,WorkOrders!$C$2:$C$500,A3) | G3: =E3-F3 | H3: =SUMIFS(Downtime!$G$2:$G$500,Downtime!$A$2:$A$500,A3) | I3: =MAX(0,D3-H3) | J3: =IF(A3="","",IF(D3=0,0,MIN(1,I3/D3))) | K3: =IF(A3="","",IF(OR(I3=0,C3=0),0,MIN(1,E3/((I3/60)*C3)))) | L3: =IF(A3="","",IF(E3=0,0,MIN(1,MAX(0,G3/E3)))) | M3: =IF(A3="","",J3*K3*L3)
A4: =Machines!A4 | B4: =Machines!B4 | C4: =IF(A4="","",Machines!D4) | D4: =SUMIFS(WorkOrders!$M$2:$M$500,WorkOrders!$C$2:$C$500,A4) | E4: =SUMIFS(WorkOrders!$E$2:$E$500,WorkOrders!$C$2:$C$500,A4) | F4: =SUMIFS(WorkOrders!$F$2:$F$500,WorkOrders!$C$2:$C$500,A4) | G4: =E4-F4 | H4: =SUMIFS(Downtime!$G$2:$G$500,Downtime!$A$2:$A$500,A4) | I4: =MAX(0,D4-H4) | J4: =IF(A4="","",IF(D4=0,0,MIN(1,I4/D4))) | K4: =IF(A4="","",IF(OR(I4=0,C4=0),0,MIN(1,E4/((I4/60)*C4)))) | L4: =IF(A4="","",IF(E4=0,0,MIN(1,MAX(0,G4/E4)))) | M4: =IF(A4="","",J4*K4*L4)
A5: =Machines!A5 | B5: =Machines!B5 | C5: =IF(A5="","",Machines!D5) | D5: =SUMIFS(WorkOrders!$M$2:$M$500,WorkOrders!$C$2:$C$500,A5) | E5: =SUMIFS(WorkOrders!$E$2:$E$500,WorkOrders!$C$2:$C$500,A5) | F5: =SUMIFS(WorkOrders!$F$2:$F$500,WorkOrders!$C$2:$C$500,A5) | G5: =E5-F5 | H5: =SUMIFS(Downtime!$G$2:$G$500,Downtime!$A$2:$A$500,A5) | I5: =MAX(0,D5-H5) | J5: =IF(A5="","",IF(D5=0,0,MIN(1,I5/D5))) | K5: =IF(A5="","",IF(OR(I5=0,C5=0),0,MIN(1,E5/((I5/60)*C5)))) | L5: =IF(A5="","",IF(E5=0,0,MIN(1,MAX(0,G5/E5)))) | M5: =IF(A5="","",J5*K5*L5)
A6: =Machines!A6 | B6: =Machines!B6 | C6: =IF(A6="","",Machines!D6) | D6: =SUMIFS(WorkOrders!$M$2:$M$500,WorkOrders!$C$2:$C$500,A6) | E6: =SUMIFS(WorkOrders!$E$2:$E$500,WorkOrders!$C$2:$C$500,A6) | F6: =SUMIFS(WorkOrders!$F$2:$F$500,WorkOrders!$C$2:$C$500,A6) | G6: =E6-F6 | H6: =SUMIFS(Downtime!$G$2:$G$500,Downtime!$A$2:$A$500,A6) | I6: =MAX(0,D6-H6) | J6: =IF(A6="","",IF(D6=0,0,MIN(1,I6/D6))) | K6: =IF(A6="","",IF(OR(I6=0,C6=0),0,MIN(1,E6/((I6/60)*C6)))) | L6: =IF(A6="","",IF(E6=0,0,MIN(1,MAX(0,G6/E6)))) | M6: =IF(A6="","",J6*K6*L6)
A7: =Machines!A7 | B7: =Machines!B7 | C7: =IF(A7="","",Machines!D7) | D7: =SUMIFS(WorkOrders!$M$2:$M$500,WorkOrders!$C$2:$C$500,A7) | E7: =SUMIFS(WorkOrders!$E$2:$E$500,WorkOrders!$C$2:$C$500,A7) | F7: =SUMIFS(WorkOrders!$F$2:$F$500,WorkOrders!$C$2:$C$500,A7) | G7: =E7-F7 | H7: =SUMIFS(Downtime!$G$2:$G$500,Downtime!$A$2:$A$500,A7) | I7: =MAX(0,D7-H7) | J7: =IF(A7="","",IF(D7=0,0,MIN(1,I7/D7))) | K7: =IF(A7="","",IF(OR(I7=0,C7=0),0,MIN(1,E7/((I7/60)*C7)))) | L7: =IF(A7="","",IF(E7=0,0,MIN(1,MAX(0,G7/E7)))) | M7: =IF(A7="","",J7*K7*L7)
A8: =Machines!A8 | B8: =Machines!B8 | C8: =IF(A8="","",Machines!D8) | D8: =SUMIFS(WorkOrders!$M$2:$M$500,WorkOrders!$C$2:$C$500,A8) | E8: =SUMIFS(WorkOrders!$E$2:$E$500,WorkOrders!$C$2:$C$500,A8) | F8: =SUMIFS(WorkOrders!$F$2:$F$500,WorkOrders!$C$2:$C$500,A8) | G8: =E8-F8 | H8: =SUMIFS(Downtime!$G$2:$G$500,Downtime!$A$2:$A$500,A8) | I8: =MAX(0,D8-H8) | J8: =IF(A8="","",IF(D8=0,0,MIN(1,I8/D8))) | K8: =IF(A8="","",IF(OR(I8=0,C8=0),0,MIN(1,E8/((I8/60)*C8)))) | L8: =IF(A8="","",IF(E8=0,0,MIN(1,MAX(0,G8/E8)))) | M8: =IF(A8="","",J8*K8*L8)
A9: =Machines!A9 | B9: =Machines!B9 | C9: =IF(A9="","",Machines!D9) | D9: =SUMIFS(WorkOrders!$M$2:$M$500,WorkOrders!$C$2:$C$500,A9) | E9: =SUMIFS(WorkOrders!$E$2:$E$500,WorkOrders!$C$2:$C$500,A9) | F9: =SUMIFS(WorkOrders!$F$2:$F$500,WorkOrders!$C$2:$C$500,A9) | G9: =E9-F9 | H9: =SUMIFS(Downtime!$G$2:$G$500,Downtime!$A$2:$A$500,A9) | I9: =MAX(0,D9-H9) | J9: =IF(A9="","",IF(D9=0,0,MIN(1,I9/D9))) | K9: =IF(A9="","",IF(OR(I9=0,C9=0),0,MIN(1,E9/((I9/60)*C9)))) | L9: =IF(A9="","",IF(E9=0,0,MIN(1,MAX(0,G9/E9)))) | M9: =IF(A9="","",J9*K9*L9)
A10: =Machines!A10 | B10: =Machines!B10 | C10: =IF(A10="","",Machines!D10) | D10: =SUMIFS(WorkOrders!$M$2:$M$500,WorkOrders!$C$2:$C$500,A10) | E10: =SUMIFS(WorkOrders!$E$2:$E$500,WorkOrders!$C$2:$C$500,A10) | F10: =SUMIFS(WorkOrders!$F$2:$F$500,WorkOrders!$C$2:$C$500,A10) | G10: =E10-F10 | H10: =SUMIFS(Downtime!$G$2:$G$500,Downtime!$A$2:$A$500,A10) | I10: =MAX(0,D10-H10) | J10: =IF(A10="","",IF(D10=0,0,MIN(1,I10/D10))) | K10: =IF(A10="","",IF(OR(I10=0,C10=0),0,MIN(1,E10/((I10/60)*C10)))) | L10: =IF(A10="","",IF(E10=0,0,MIN(1,MAX(0,G10/E10)))) | M10: =IF(A10="","",J10*K10*L10)
A11: =Machines!A11 | B11: =Machines!B11 | C11: =IF(A11="","",Machines!D11) | D11: =SUMIFS(WorkOrders!$M$2:$M$500,WorkOrders!$C$2:$C$500,A11) | E11: =SUMIFS(WorkOrders!$E$2:$E$500,WorkOrders!$C$2:$C$500,A11) | F11: =SUMIFS(WorkOrders!$F$2:$F$500,WorkOrders!$C$2:$C$500,A11) | G11: =E11-F11 | H11: =SUMIFS(Downtime!$G$2:$G$500,Downtime!$A$2:$A$500,A11) | I11: =MAX(0,D11-H11) | J11: =IF(A11="","",IF(D11=0,0,MIN(1,I11/D11))) | K11: =IF(A11="","",IF(OR(I11=0,C11=0),0,MIN(1,E11/((I11/60)*C11)))) | L11: =IF(A11="","",IF(E11=0,0,MIN(1,MAX(0,G11/E11)))) | M11: =IF(A11="","",J11*K11*L11)
A12: =Machines!A12 | B12: =Machines!B12 | C12: =IF(A12="","",Machines!D12) | D12: =SUMIFS(WorkOrders!$M$2:$M$500,WorkOrders!$C$2:$C$500,A12) | E12: =SUMIFS(WorkOrders!$E$2:$E$500,WorkOrders!$C$2:$C$500,A12) | F12: =SUMIFS(WorkOrders!$F$2:$F$500,WorkOrders!$C$2:$C$500,A12) | G12: =E12-F12 | H12: =SUMIFS(Downtime!$G$2:$G$500,Downtime!$A$2:$A$500,A12) | I12: =MAX(0,D12-H12) | J12: =IF(A12="","",IF(D12=0,0,MIN(1,I12/D12))) | K12: =IF(A12="","",IF(OR(I12=0,C12=0),0,MIN(1,E12/((I12/60)*C12)))) | L12: =IF(A12="","",IF(E12=0,0,MIN(1,MAX(0,G12/E12)))) | M12: =IF(A12="","",J12*K12*L12)
A13: =Machines!A13 | B13: =Machines!B13 | C13: =IF(A13="","",Machines!D13) | D13: =SUMIFS(WorkOrders!$M$2:$M$500,WorkOrders!$C$2:$C$500,A13) | E13: =SUMIFS(WorkOrders!$E$2:$E$500,WorkOrders!$C$2:$C$500,A13) | F13: =SUMIFS(WorkOrders!$F$2:$F$500,WorkOrders!$C$2:$C$500,A13) | G13: =E13-F13 | H13: =SUMIFS(Downtime!$G$2:$G$500,Downtime!$A$2:$A$500,A13) | I13: =MAX(0,D13-H13) | J13: =IF(A13="","",IF(D13=0,0,MIN(1,I13/D13))) | K13: =IF(A13="","",IF(OR(I13=0,C13=0),0,MIN(1,E13/((I13/60)*C13)))) | L13: =IF(A13="","",IF(E13=0,0,MIN(1,MAX(0,G13/E13)))) | M13: =IF(A13="","",J13*K13*L13)
... A500: =Machines!A500 | B500: =Machines!B500 | C500: =IF(A500="","",Machines!D500) | D500: =SUMIFS(WorkOrders!$M$2:$M$500,WorkOrders!$C$2:$C$500,A500) | E500: =SUMIFS(WorkOrders!$E$2:$E$500,WorkOrders!$C$2:$C$500,A500) | F500: =SUMIFS(WorkOrders!$F$2:$F$500,WorkOrders!$C$2:$C$500,A500) | G500: =E500-F500 | H500: =SUMIFS(Downtime!$G$2:$G$500,Downtime!$A$2:$A$500,A500) | I500: =MAX(0,D500-H500) | J500: =IF(A500="","",IF(D500=0,0,MIN(1,I500/D500))) | K500: =IF(A500="","",IF(OR(I500=0,C500=0),0,MIN(1,E500/((I500/60)*C500)))) | L500: =IF(A500="","",IF(E500=0,0,MIN(1,MAX(0,G500/E500)))) | M500: =IF(A500="","",J500*K500*L500)

Sheet Analytics_Downtime
A1: ReasonCategory | B1: TotalMinutes | C1: Occurrences
A2: breakdown | B2: =SUMIFS(Downtime!$G$2:$G$500,Downtime!$E$2:$E$500,A2) | C2: =COUNTIFS(Downtime!$E$2:$E$500,A2)
A3: changeover | B3: =SUMIFS(Downtime!$G$2:$G$500,Downtime!$E$2:$E$500,A3) | C3: =COUNTIFS(Downtime!$E$2:$E$500,A3)
A4: no_material | B4: =SUMIFS(Downtime!$G$2:$G$500,Downtime!$E$2:$E$500,A4) | C4: =COUNTIFS(Downtime!$E$2:$E$500,A4)
A5: power | B5: =SUMIFS(Downtime!$G$2:$G$500,Downtime!$E$2:$E$500,A5) | C5: =COUNTIFS(Downtime!$E$2:$E$500,A5)
A6: planned_maintenance | B6: =SUMIFS(Downtime!$G$2:$G$500,Downtime!$E$2:$E$500,A6) | C6: =COUNTIFS(Downtime!$E$2:$E$500,A6)
A7: other | B7: =SUMIFS(Downtime!$G$2:$G$500,Downtime!$E$2:$E$500,A7) | C7: =COUNTIFS(Downtime!$E$2:$E$500,A7)

Sheet Analytics_Production
A1: Production summary
A2: Total planned qty | B2: =SUM(WorkOrders!$D$2:$D$500)
A3: Total produced qty | B3: =SUM(WorkOrders!$E$2:$E$500)
A4: Total rejected qty | B4: =SUM(WorkOrders!$F$2:$F$500)
A5: Good qty | B5: =B3-B4
A6: Rejection rate | B6: =IF(B3=0,0,B4/B3)
A7: Completed work orders | B7: =COUNTIFS(WorkOrders!$K$2:$K$500,"completed")
A8: Completed on/before planned end | B8: =SUM(WorkOrders!$N$2:$N$500)
A9: Schedule adherence | B9: =IF(B7=0,0,B8/B7)

Sheet Analytics_Yield
A1: OrderNo | B1: ProductSKU | C1: StdUnitMaterialCost | D1: MaterialIssuedValue | E1: StandardOutputUnits | F1: GoodQty | G1: MaterialYieldPct | H1: MaterialCostPerUnit
A2: =WorkOrders!A2 | B2: =IF(A2="","",WorkOrders!B2) | C2: =IF(A2="","",IFERROR(SUMIFS(BOM!$E$2:$E$500,BOM!$A$2:$A$500,B2),"")) | D2: =IF(A2="","",SUMIFS(StockMovements!$I$2:$I$500,StockMovements!$H$2:$H$500,A2,StockMovements!$D$2:$D$500,"issue")) | E2: =IF(OR(A2="",C2="",C2=0,D2=0),"",D2/C2) | F2: =IF(A2="","",WorkOrders!L2) | G2: =IF(OR(E2="",E2=0),"",F2/E2) | H2: =IF(OR(C2="",F2="",F2=0),"",C2*WorkOrders!E2/F2)
A3: =WorkOrders!A3 | B3: =IF(A3="","",WorkOrders!B3) | C3: =IF(A3="","",IFERROR(SUMIFS(BOM!$E$2:$E$500,BOM!$A$2:$A$500,B3),"")) | D3: =IF(A3="","",SUMIFS(StockMovements!$I$2:$I$500,StockMovements!$H$2:$H$500,A3,StockMovements!$D$2:$D$500,"issue")) | E3: =IF(OR(A3="",C3="",C3=0,D3=0),"",D3/C3) | F3: =IF(A3="","",WorkOrders!L3) | G3: =IF(OR(E3="",E3=0),"",F3/E3) | H3: =IF(OR(C3="",F3="",F3=0),"",C3*WorkOrders!E3/F3)
A4: =WorkOrders!A4 | B4: =IF(A4="","",WorkOrders!B4) | C4: =IF(A4="","",IFERROR(SUMIFS(BOM!$E$2:$E$500,BOM!$A$2:$A$500,B4),"")) | D4: =IF(A4="","",SUMIFS(StockMovements!$I$2:$I$500,StockMovements!$H$2:$H$500,A4,StockMovements!$D$2:$D$500,"issue")) | E4: =IF(OR(A4="",C4="",C4=0,D4=0),"",D4/C4) | F4: =IF(A4="","",WorkOrders!L4) | G4: =IF(OR(E4="",E4=0),"",F4/E4) | H4: =IF(OR(C4="",F4="",F4=0),"",C4*WorkOrders!E4/F4)
A5: =WorkOrders!A5 | B5: =IF(A5="","",WorkOrders!B5) | C5: =IF(A5="","",IFERROR(SUMIFS(BOM!$E$2:$E$500,BOM!$A$2:$A$500,B5),"")) | D5: =IF(A5="","",SUMIFS(StockMovements!$I$2:$I$500,StockMovements!$H$2:$H$500,A5,StockMovements!$D$2:$D$500,"issue")) | E5: =IF(OR(A5="",C5="",C5=0,D5=0),"",D5/C5) | F5: =IF(A5="","",WorkOrders!L5) | G5: =IF(OR(E5="",E5=0),"",F5/E5) | H5: =IF(OR(C5="",F5="",F5=0),"",C5*WorkOrders!E5/F5)
A6: =WorkOrders!A6 | B6: =IF(A6="","",WorkOrders!B6) | C6: =IF(A6="","",IFERROR(SUMIFS(BOM!$E$2:$E$500,BOM!$A$2:$A$500,B6),"")) | D6: =IF(A6="","",SUMIFS(StockMovements!$I$2:$I$500,StockMovements!$H$2:$H$500,A6,StockMovements!$D$2:$D$500,"issue")) | E6: =IF(OR(A6="",C6="",C6=0,D6=0),"",D6/C6) | F6: =IF(A6="","",WorkOrders!L6) | G6: =IF(OR(E6="",E6=0),"",F6/E6) | H6: =IF(OR(C6="",F6="",F6=0),"",C6*WorkOrders!E6/F6)
A7: =WorkOrders!A7 | B7: =IF(A7="","",WorkOrders!B7) | C7: =IF(A7="","",IFERROR(SUMIFS(BOM!$E$2:$E$500,BOM!$A$2:$A$500,B7),"")) | D7: =IF(A7="","",SUMIFS(StockMovements!$I$2:$I$500,StockMovements!$H$2:$H$500,A7,StockMovements!$D$2:$D$500,"issue")) | E7: =IF(OR(A7="",C7="",C7=0,D7=0),"",D7/C7) | F7: =IF(A7="","",WorkOrders!L7) | G7: =IF(OR(E7="",E7=0),"",F7/E7) | H7: =IF(OR(C7="",F7="",F7=0),"",C7*WorkOrders!E7/F7)
A8: =WorkOrders!A8 | B8: =IF(A8="","",WorkOrders!B8) | C8: =IF(A8="","",IFERROR(SUMIFS(BOM!$E$2:$E$500,BOM!$A$2:$A$500,B8),"")) | D8: =IF(A8="","",SUMIFS(StockMovements!$I$2:$I$500,StockMovements!$H$2:$H$500,A8,StockMovements!$D$2:$D$500,"issue")) | E8: =IF(OR(A8="",C8="",C8=0,D8=0),"",D8/C8) | F8: =IF(A8="","",WorkOrders!L8) | G8: =IF(OR(E8="",E8=0),"",F8/E8) | H8: =IF(OR(C8="",F8="",F8=0),"",C8*WorkOrders!E8/F8)
A9: =WorkOrders!A9 | B9: =IF(A9="","",WorkOrders!B9) | C9: =IF(A9="","",IFERROR(SUMIFS(BOM!$E$2:$E$500,BOM!$A$2:$A$500,B9),"")) | D9: =IF(A9="","",SUMIFS(StockMovements!$I$2:$I$500,StockMovements!$H$2:$H$500,A9,StockMovements!$D$2:$D$500,"issue")) | E9: =IF(OR(A9="",C9="",C9=0,D9=0),"",D9/C9) | F9: =IF(A9="","",WorkOrders!L9) | G9: =IF(OR(E9="",E9=0),"",F9/E9) | H9: =IF(OR(C9="",F9="",F9=0),"",C9*WorkOrders!E9/F9)
A10: =WorkOrders!A10 | B10: =IF(A10="","",WorkOrders!B10) | C10: =IF(A10="","",IFERROR(SUMIFS(BOM!$E$2:$E$500,BOM!$A$2:$A$500,B10),"")) | D10: =IF(A10="","",SUMIFS(StockMovements!$I$2:$I$500,StockMovements!$H$2:$H$500,A10,StockMovements!$D$2:$D$500,"issue")) | E10: =IF(OR(A10="",C10="",C10=0,D10=0),"",D10/C10) | F10: =IF(A10="","",WorkOrders!L10) | G10: =IF(OR(E10="",E10=0),"",F10/E10) | H10: =IF(OR(C10="",F10="",F10=0),"",C10*WorkOrders!E10/F10)
A11: =WorkOrders!A11 | B11: =IF(A11="","",WorkOrders!B11) | C11: =IF(A11="","",IFERROR(SUMIFS(BOM!$E$2:$E$500,BOM!$A$2:$A$500,B11),"")) | D11: =IF(A11="","",SUMIFS(StockMovements!$I$2:$I$500,StockMovements!$H$2:$H$500,A11,StockMovements!$D$2:$D$500,"issue")) | E11: =IF(OR(A11="",C11="",C11=0,D11=0),"",D11/C11) | F11: =IF(A11="","",WorkOrders!L11) | G11: =IF(OR(E11="",E11=0),"",F11/E11) | H11: =IF(OR(C11="",F11="",F11=0),"",C11*WorkOrders!E11/F11)
A12: =WorkOrders!A12 | B12: =IF(A12="","",WorkOrders!B12) | C12: =IF(A12="","",IFERROR(SUMIFS(BOM!$E$2:$E$500,BOM!$A$2:$A$500,B12),"")) | D12: =IF(A12="","",SUMIFS(StockMovements!$I$2:$I$500,StockMovements!$H$2:$H$500,A12,StockMovements!$D$2:$D$500,"issue")) | E12: =IF(OR(A12="",C12="",C12=0,D12=0),"",D12/C12) | F12: =IF(A12="","",WorkOrders!L12) | G12: =IF(OR(E12="",E12=0),"",F12/E12) | H12: =IF(OR(C12="",F12="",F12=0),"",C12*WorkOrders!E12/F12)
A13: =WorkOrders!A13 | B13: =IF(A13="","",WorkOrders!B13) | C13: =IF(A13="","",IFERROR(SUMIFS(BOM!$E$2:$E$500,BOM!$A$2:$A$500,B13),"")) | D13: =IF(A13="","",SUMIFS(StockMovements!$I$2:$I$500,StockMovements!$H$2:$H$500,A13,StockMovements!$D$2:$D$500,"issue")) | E13: =IF(OR(A13="",C13="",C13=0,D13=0),"",D13/C13) | F13: =IF(A13="","",WorkOrders!L13) | G13: =IF(OR(E13="",E13=0),"",F13/E13) | H13: =IF(OR(C13="",F13="",F13=0),"",C13*WorkOrders!E13/F13)
... A500: =WorkOrders!A500 | B500: =IF(A500="","",WorkOrders!B500) | C500: =IF(A500="","",IFERROR(SUMIFS(BOM!$E$2:$E$500,BOM!$A$2:$A$500,B500),"")) | D500: =IF(A500="","",SUMIFS(StockMovements!$I$2:$I$500,StockMovements!$H$2:$H$500,A500,StockMovements!$D$2:$D$500,"issue")) | E500: =IF(OR(A500="",C500="",C500=0,D500=0),"",D500/C500) | F500: =IF(A500="","",WorkOrders!L500) | G500: =IF(OR(E500="",E500=0),"",F500/E500) | H500: =IF(OR(C500="",F500="",F500=0),"",C500*WorkOrders!E500/F500)

Sheet Dashboard
B2: Plant Dashboard
B4: Average OEE | D4: Total produced qty | F4: Rejection rate | H4: Reorder alerts
B5: =IFERROR(AVERAGEIF(Analytics_OEE!$M$2:$M$11,"<>"),"") | D5: =Analytics_Production!B3 | F5: =Analytics_Production!B5 | H5: =COUNTIFS(Analytics_Stock!$H$2:$H$500,"REORDER")
B7: OEE by machine | J7: Downtime by reason (Pareto)
B24: Stock — first 20 products (full list: Analytics_Stock)
B25: SKU | C25: Name | D25: OnHand | E25: ReorderLevel | F25: Status
B26: =Analytics_Stock!A2 | C26: =Analytics_Stock!B2 | D26: =Analytics_Stock!D2 | E26: =Analytics_Stock!G2 | F26: =Analytics_Stock!H2
B27: =Analytics_Stock!A3 | C27: =Analytics_Stock!B3 | D27: =Analytics_Stock!D3 | E27: =Analytics_Stock!G3 | F27: =Analytics_Stock!H3
B28: =Analytics_Stock!A4 | C28: =Analytics_Stock!B4 | D28: =Analytics_Stock!D4 | E28: =Analytics_Stock!G4 | F28: =Analytics_Stock!H4
B29: =Analytics_Stock!A5 | C29: =Analytics_Stock!B5 | D29: =Analytics_Stock!D5 | E29: =Analytics_Stock!G5 | F29: =Analytics_Stock!H5
B30: =Analytics_Stock!A6 | C30: =Analytics_Stock!B6 | D30: =Analytics_Stock!D6 | E30: =Analytics_Stock!G6 | F30: =Analytics_Stock!H6
B31: =Analytics_Stock!A7 | C31: =Analytics_Stock!B7 | D31: =Analytics_Stock!D7 | E31: =Analytics_Stock!G7 | F31: =Analytics_Stock!H7
B32: =Analytics_Stock!A8 | C32: =Analytics_Stock!B8 | D32: =Analytics_Stock!D8 | E32: =Analytics_Stock!G8 | F32: =Analytics_Stock!H8
B33: =Analytics_Stock!A9 | C33: =Analytics_Stock!B9 | D33: =Analytics_Stock!D9 | E33: =Analytics_Stock!G9 | F33: =Analytics_Stock!H9
B34: =Analytics_Stock!A10 | C34: =Analytics_Stock!B10 | D34: =Analytics_Stock!D10 | E34: =Analytics_Stock!G10 | F34: =Analytics_Stock!H10
B35: =Analytics_Stock!A11 | C35: =Analytics_Stock!B11 | D35: =Analytics_Stock!D11 | E35: =Analytics_Stock!G11 | F35: =Analytics_Stock!H11
B36: =Analytics_Stock!A12 | C36: =Analytics_Stock!B12 | D36: =Analytics_Stock!D12 | E36: =Analytics_Stock!G12 | F36: =Analytics_Stock!H12
B37: =Analytics_Stock!A13 | C37: =Analytics_Stock!B13 | D37: =Analytics_Stock!D13 | E37: =Analytics_Stock!G13 | F37: =Analytics_Stock!H13
... B45: =Analytics_Stock!A21 | C45: =Analytics_Stock!B21 | D45: =Analytics_Stock!D21 | E45: =Analytics_Stock!G21 | F45: =Analytics_Stock!H21
